8,wisely crossly gosh ouch,arch,2023-06-19
9,fiercely instead cradle but incidentally,yippee,2023-06-18
10,undercut whoa during,unnaturally,2023-06-19
11,duh prey against monthly tattered,sunrise,2023-06-19
12,disastrous gadzooks pish,amidst,2023-06-19
13,ugh unexpectedly as provided softly,frantically,2023-06-19
14,brr oof,fragrant,2023-06-18
15,imperfect unbearably,weird,2023-06-19
16,up who upside-down passion,daintily,2023-06-18
17,unhappy times how daily,supposing,2023-06-19
18,no-tag-1,"",2023-06-19
19,no-tag-2,"",2023-06-19
20,no-tag-3,"",2023-06-19
